timestamp,station_id,lat,lon,alt_m,T,P,RH,T_true,P_true,RH_true,is_fault,fault_class,fault_channel,event,lst,doy,expected_reason
2025-03-01 00:00:00,AWS_MUM,19.08,72.88,11,32.23,1008.5,58.6,32.23,1008.5,58.6,0,none,none,,4.858667,60.0,ok
2025-03-01 01:00:00,AWS_MUM,19.08,72.88,11,32.08,1009.69,58.4,32.08,1009.69,58.4,0,none,none,,5.858667,60.0,ok
2025-03-01 02:00:00,AWS_MUM,19.08,72.88,11,30.72,1010.09,62.5,30.72,1010.09,62.5,0,none,none,,6.858667,60.0,ok
2025-03-01 03:00:00,AWS_MUM,19.08,72.88,11,30.6,1010.66,64.4,30.6,1010.66,64.4,0,none,none,,7.858667,60.0,ok
2025-03-01 04:00:00,AWS_MUM,19.08,72.88,11,30.35,1010.26,64.7,30.35,1010.26,64.7,0,none,none,,8.858666,60.0,ok
2025-03-01 05:00:00,AWS_MUM,19.08,72.88,11,27.76,1010.43,74.6,27.76,1010.43,74.6,0,none,none,,9.858666,60.0,ok
2025-03-01 06:00:00,AWS_MUM,19.08,72.88,11,26.15,1009.71,81.3,26.15,1009.71,81.3,0,none,none,,10.858666,60.0,ok
2025-03-01 07:00:00,AWS_MUM,19.08,72.88,11,25.2,1009.25,85.5,25.2,1009.25,85.5,0,none,none,,11.858666,60.0,ok
2025-03-01 08:00:00,AWS_MUM,19.08,72.88,11,24.12,1008.93,92.5,24.12,1008.93,92.5,0,none,none,,12.858666,60.0,anomaly
2025-03-01 09:00:00,AWS_MUM,19.08,72.88,11,23.53,1008.37,95.9,23.53,1008.37,95.9,0,none,none,,13.858666,60.0,anomaly
2025-03-01 10:00:00,AWS_MUM,19.08,72.88,11,23.06,1008.05,98.2,23.06,1008.05,98.2,0,none,none,,14.858666,60.0,ok
2025-03-01 11:00:00,AWS_MUM,19.08,72.88,11,22.95,1006.88,98.2,22.95,1006.88,98.2,0,none,none,,15.858666,60.0,ok
2025-03-01 12:00:00,AWS_MUM,19.08,72.88,11,23.88,1007.63,93.5,23.88,1007.63,93.5,0,none,none,,16.858667,60.0,ok
2025-03-01 13:00:00,AWS_MUM,19.08,72.88,11,24.93,1007.8,85.9,24.93,1007.8,85.9,0,none,none,,17.858667,60.0,ok
2025-03-01 14:00:00,AWS_MUM,19.08,72.88,11,26.31,1009.17,81.3,26.31,1009.17,81.3,0,none,none,,18.858667,60.0,ok
2025-03-01 15:00:00,AWS_MUM,19.08,72.88,11,27.24,1010.04,75.5,27.24,1010.04,75.5,0,none,none,,19.858667,60.0,ok
2025-03-01 16:00:00,AWS_MUM,19.08,72.88,11,27.4,1010.59,72.4,27.4,1010.59,72.4,0,none,none,,20.858667,60.0,ok
2025-03-01 17:00:00,AWS_MUM,19.08,72.88,11,28.61,1010.91,68.6,28.61,1010.91,68.6,0,none,none,,21.858667,60.0,ok
2025-03-01 18:00:00,AWS_MUM,19.08,72.88,11,29.24,1011.03,65.2,29.24,1011.03,65.2,0,none,none,,22.858667,60.0,ok
2025-03-01 19:00:00,AWS_MUM,19.08,72.88,11,30.83,1010.4,60.3,30.83,1010.4,60.3,0,none,none,,23.858667,60.0,ok
2025-03-01 20:00:00,AWS_MUM,19.08,72.88,11,31.69,1010.01,56.6,31.69,1010.01,56.6,0,none,none,,0.85866666,60.0,ok
2025-03-01 21:00:00,AWS_MUM,19.08,72.88,11,32.6,1009.39,52.8,32.6,1009.39,52.8,0,none,none,,1.8586667,60.0,ok
2025-03-01 22:00:00,AWS_MUM,19.08,72.88,11,32.24,1008.33,53.3,32.24,1008.33,53.3,0,none,none,,2.8586667,60.0,ok
2025-03-01 23:00:00,AWS_MUM,19.08,72.88,11,33.05,1008.24,52.0,33.05,1008.24,52.0,0,none,none,,3.8586667,60.0,ok
2025-03-02 00:00:00,AWS_MUM,19.08,72.88,11,32.97,1008.47,52.6,32.97,1008.47,52.6,0,none,none,,4.858667,61.0,ok
2025-03-02 01:00:00,AWS_MUM,19.08,72.88,11,31.57,1008.26,57.6,31.57,1008.26,57.6,0,none,none,,5.858667,61.0,ok
2025-03-02 02:00:00,AWS_MUM,19.08,72.88,11,30.86,1008.54,60.0,30.86,1008.54,60.0,0,none,none,,6.858667,61.0,ok
2025-03-02 03:00:00,AWS_MUM,19.08,72.88,11,30.62,1009.07,61.3,30.62,1009.07,61.3,0,none,none,,7.858667,61.0,ok
2025-03-02 04:00:00,AWS_MUM,19.08,72.88,11,29.41,1009.11,65.1,29.41,1009.11,65.1,0,none,none,,8.858666,61.0,ok
2025-03-02 05:00:00,AWS_MUM,19.08,72.88,11,28.51,1008.54,68.4,28.51,1008.54,68.4,0,none,none,,9.858666,61.0,ok
2025-03-02 06:00:00,AWS_MUM,19.08,72.88,11,27.23,1008.41,74.2,27.23,1008.41,74.2,0,none,none,,10.858666,61.0,ok
2025-03-02 07:00:00,AWS_MUM,19.08,72.88,11,27.0,1008.14,73.3,27.0,1008.14,73.3,0,none,none,,11.858666,61.0,ok
2025-03-02 08:00:00,AWS_MUM,19.08,72.88,11,26.09,1007.46,76.8,26.09,1007.46,76.8,0,none,none,,12.858666,61.0,ok
2025-03-02 09:00:00,AWS_MUM,19.08,72.88,11,25.9,1006.54,77.9,25.9,1006.54,77.9,0,none,none,,13.858666,61.0,ok
2025-03-02 10:00:00,AWS_MUM,19.08,72.88,11,25.1,1006.17,77.6,25.1,1006.17,77.6,0,none,none,,14.858666,61.0,ok
2025-03-02 11:00:00,AWS_MUM,19.08,72.88,11,25.61,1005.55,76.4,25.61,1005.55,76.4,0,none,none,,15.858666,61.0,ok
2025-03-02 12:00:00,AWS_MUM,19.08,72.88,11,26.64,1005.73,70.8,26.64,1005.73,70.8,0,none,none,,16.858667,61.0,ok
2025-03-02 13:00:00,AWS_MUM,19.08,72.88,11,27.51,1006.04,69.6,27.51,1006.04,69.6,0,none,none,,17.858667,61.0,ok
2025-03-02 14:00:00,AWS_MUM,19.08,72.88,11,27.72,1006.96,68.6,27.72,1006.96,68.6,0,none,none,,18.858667,61.0,ok
2025-03-02 15:00:00,AWS_MUM,19.08,72.88,11,28.11,1007.47,66.9,28.11,1007.47,66.9,0,none,none,,19.858667,61.0,ok
2025-03-02 16:00:00,AWS_MUM,19.08,72.88,11,30.26,1007.8,59.2,30.26,1007.8,59.2,0,none,none,,20.858667,61.0,ok
2025-03-02 17:00:00,AWS_MUM,19.08,72.88,11,31.52,1008.65,55.6,31.52,1008.65,55.6,0,none,none,,21.858667,61.0,ok
2025-03-02 18:00:00,AWS_MUM,19.08,72.88,11,33.25,1008.8,51.0,33.25,1008.8,51.0,0,none,none,,22.858667,61.0,ok
2025-03-02 19:00:00,AWS_MUM,19.08,72.88,11,33.81,1008.86,49.9,33.81,1008.86,49.9,0,none,none,,23.858667,61.0,ok
2025-03-02 20:00:00,AWS_MUM,19.08,72.88,11,35.06,1008.36,46.2,35.06,1008.36,46.2,0,none,none,,0.85866666,61.0,ok
2025-03-02 21:00:00,AWS_MUM,19.08,72.88,11,35.79,1007.92,43.7,35.79,1007.92,43.7,0,none,none,,1.8586667,61.0,ok
2025-03-02 22:00:00,AWS_MUM,19.08,72.88,11,36.52,1006.89,41.6,36.52,1006.89,41.6,0,none,none,,2.8586667,61.0,ok
2025-03-02 23:00:00,AWS_MUM,19.08,72.88,11,36.09,1006.98,43.4,36.09,1006.98,43.4,0,none,none,,3.8586667,61.0,ok
2025-03-03 00:00:00,AWS_MUM,19.08,72.88,11,35.73,1007.36,44.5,35.73,1007.36,44.5,0,none,none,,4.858667,62.0,ok
2025-03-03 01:00:00,AWS_MUM,19.08,72.88,11,34.86,1007.49,46.8,34.86,1007.49,46.8,0,none,none,,5.858667,62.0,ok
2025-03-03 02:00:00,AWS_MUM,19.08,72.88,11,33.86,1007.78,49.3,33.86,1007.78,49.3,0,none,none,,6.858667,62.0,ok
2025-03-03 03:00:00,AWS_MUM,19.08,72.88,11,33.19,1008.46,50.6,33.19,1008.46,50.6,0,none,none,,7.858667,62.0,ok
2025-03-03 04:00:00,AWS_MUM,19.08,72.88,11,32.08,1008.5,53.7,32.08,1008.5,53.7,0,none,none,,8.858666,62.0,ok
2025-03-03 05:00:00,AWS_MUM,19.08,72.88,11,30.79,1008.74,56.7,30.79,1008.74,56.7,0,none,none,,9.858666,62.0,ok
2025-03-03 06:00:00,AWS_MUM,19.08,72.88,11,29.45,1007.95,61.9,29.45,1007.95,61.9,0,none,none,,10.858666,62.0,ok
2025-03-03 07:00:00,AWS_MUM,19.08,72.88,11,28.42,1007.98,64.8,28.42,1007.98,64.8,0,none,none,,11.858666,62.0,ok
2025-03-03 08:00:00,AWS_MUM,19.08,72.88,11,27.84,1007.85,66.3,27.84,1007.85,66.3,0,none,none,,12.858666,62.0,ok
2025-03-03 09:00:00,AWS_MUM,19.08,72.88,11,27.22,1006.65,68.7,27.22,1006.65,68.7,0,none,none,,13.858666,62.0,ok
2025-03-03 10:00:00,AWS_MUM,19.08,72.88,11,27.22,1006.01,69.5,27.22,1006.01,69.5,0,none,none,,14.858666,62.0,ok
2025-03-03 11:00:00,AWS_MUM,19.08,72.88,11,26.5,1005.46,73.2,26.5,1005.46,73.2,0,none,none,,15.858666,62.0,ok
2025-03-03 12:00:00,AWS_MUM,19.08,72.88,11,27.71,1005.2,67.0,27.71,1005.2,67.0,0,none,none,,16.858667,62.0,ok
2025-03-03 13:00:00,AWS_MUM,19.08,72.88,11,26.94,1005.31,71.0,26.94,1005.31,71.0,0,none,none,,17.858667,62.0,ok
2025-03-03 14:00:00,AWS_MUM,19.08,72.88,11,27.66,1006.69,67.4,27.66,1006.69,67.4,0,none,none,,18.858667,62.0,ok
2025-03-03 15:00:00,AWS_MUM,19.08,72.88,11,28.82,1007.66,60.3,28.82,1007.66,60.3,0,none,none,,19.858667,62.0,ok
2025-03-03 16:00:00,AWS_MUM,19.08,72.88,11,29.49,1008.32,58.9,29.49,1008.32,58.9,0,none,none,,20.858667,62.0,ok
2025-03-03 17:00:00,AWS_MUM,19.08,72.88,11,30.2,1008.59,57.1,30.2,1008.59,57.1,0,none,none,,21.858667,62.0,ok
2025-03-03 18:00:00,AWS_MUM,19.08,72.88,11,31.25,1008.76,54.4,31.25,1008.76,54.4,0,none,none,,22.858667,62.0,ok
2025-03-03 19:00:00,AWS_MUM,19.08,72.88,11,32.3,1008.55,51.0,32.3,1008.55,51.0,0,none,none,,23.858667,62.0,ok
2025-03-03 20:00:00,AWS_MUM,19.08,72.88,11,32.75,1007.69,50.4,32.75,1007.69,50.4,0,none,none,,0.85866666,62.0,ok
2025-03-03 21:00:00,AWS_MUM,19.08,72.88,11,33.14,1007.36,48.5,33.14,1007.36,48.5,0,none,none,,1.8586667,62.0,ok
2025-03-03 22:00:00,AWS_MUM,19.08,72.88,11,33.88,1006.23,48.1,33.88,1006.23,48.1,0,none,none,,2.8586667,62.0,ok
2025-03-03 23:00:00,AWS_MUM,19.08,72.88,11,33.26,1006.24,50.3,33.26,1006.24,50.3,0,none,none,,3.8586667,62.0,ok
2025-03-04 00:00:00,AWS_MUM,19.08,72.88,11,32.76,1006.86,52.7,32.76,1006.86,52.7,0,none,none,,4.858667,63.0,ok
2025-03-04 01:00:00,AWS_MUM,19.08,72.88,11,31.99,1007.35,53.6,31.99,1007.35,53.6,0,none,none,,5.858667,63.0,ok
2025-03-04 02:00:00,AWS_MUM,19.08,72.88,11,30.86,1007.4,56.4,30.86,1007.4,56.4,0,none,none,,6.858667,63.0,ok
2025-03-04 03:00:00,AWS_MUM,19.08,72.88,11,31.28,1007.5,54.3,31.28,1007.5,54.3,0,none,none,,7.858667,63.0,ok
2025-03-04 04:00:00,AWS_MUM,19.08,72.88,11,29.32,1007.41,62.8,29.32,1007.41,62.8,0,none,none,,8.858666,63.0,ok
2025-03-04 05:00:00,AWS_MUM,19.08,72.88,11,28.44,1007.57,66.1,28.44,1007.57,66.1,0,none,none,,9.858666,63.0,ok
2025-03-04 06:00:00,AWS_MUM,19.08,72.88,11,27.03,1007.46,72.4,27.03,1007.46,72.4,0,none,none,,10.858666,63.0,ok
2025-03-04 07:00:00,AWS_MUM,19.08,72.88,11,25.75,1006.99,79.0,25.75,1006.99,79.0,0,none,none,,11.858666,63.0,ok
2025-03-04 08:00:00,AWS_MUM,19.08,72.88,11,25.22,1006.46,82.3,25.22,1006.46,82.3,0,none,none,,12.858666,63.0,ok
2025-03-04 09:00:00,AWS_MUM,19.08,72.88,11,25.31,1005.83,81.1,25.31,1005.83,81.1,0,none,none,,13.858666,63.0,ok
2025-03-04 10:00:00,AWS_MUM,19.08,72.88,11,25.02,1005.05,82.8,25.02,1005.05,82.8,0,none,none,,14.858666,63.0,ok
2025-03-04 11:00:00,AWS_MUM,19.08,72.88,11,24.74,1004.95,85.0,24.74,1004.95,85.0,0,none,none,,15.858666,63.0,ok
2025-03-04 12:00:00,AWS_MUM,19.08,72.88,11,24.51,1005.03,87.5,24.51,1005.03,87.5,0,none,none,,16.858667,63.0,ok
2025-03-04 13:00:00,AWS_MUM,19.08,72.88,11,24.4,1006.39,88.9,24.4,1006.39,88.9,0,none,none,,17.858667,63.0,ok
2025-03-04 14:00:00,AWS_MUM,19.08,72.88,11,25.25,1006.66,84.3,25.25,1006.66,84.3,0,none,none,,18.858667,63.0,ok
2025-03-04 15:00:00,AWS_MUM,19.08,72.88,11,26.62,1007.82,78.1,26.62,1007.82,78.1,0,none,none,,19.858667,63.0,ok
2025-03-04 16:00:00,AWS_MUM,19.08,72.88,11,27.89,1008.11,73.5,27.89,1008.11,73.5,0,none,none,,20.858667,63.0,ok
2025-03-04 17:00:00,AWS_MUM,19.08,72.88,11,29.02,1008.52,68.9,29.02,1008.52,68.9,0,none,none,,21.858667,63.0,ok
2025-03-04 18:00:00,AWS_MUM,19.08,72.88,11,30.28,1008.72,63.2,30.28,1008.72,63.2,0,none,none,,22.858667,63.0,ok
2025-03-04 19:00:00,AWS_MUM,19.08,72.88,11,31.1,1008.06,58.4,31.1,1008.06,58.4,0,none,none,,23.858667,63.0,ok
2025-03-04 20:00:00,AWS_MUM,19.08,72.88,11,31.61,1008.22,55.9,31.61,1008.22,55.9,0,none,none,,0.85866666,63.0,ok
2025-03-04 21:00:00,AWS_MUM,19.08,72.88,11,31.62,1007.44,55.7,31.62,1007.44,55.7,0,none,none,,1.8586667,63.0,ok
2025-03-04 22:00:00,AWS_MUM,19.08,72.88,11,32.06,1007.19,53.5,32.06,1007.19,53.5,0,none,none,,2.8586667,63.0,ok
2025-03-04 23:00:00,AWS_MUM,19.08,72.88,11,31.3,1006.84,55.0,31.3,1006.84,55.0,0,none,none,,3.8586667,63.0,ok
2025-03-05 00:00:00,AWS_MUM,19.08,72.88,11,30.47,1006.68,58.4,30.47,1006.68,58.4,0,none,none,,4.858667,64.0,ok
2025-03-05 01:00:00,AWS_MUM,19.08,72.88,11,29.83,1006.77,60.3,29.83,1006.77,60.3,0,none,none,,5.858667,64.0,ok
2025-03-05 02:00:00,AWS_MUM,19.08,72.88,11,28.54,1007.47,65.1,28.54,1007.47,65.1,0,none,none,,6.858667,64.0,ok
2025-03-05 03:00:00,AWS_MUM,19.08,72.88,11,26.93,1008.02,70.8,26.93,1008.02,70.8,0,none,none,,7.858667,64.0,ok
2025-03-05 04:00:00,AWS_MUM,19.08,72.88,11,26.47,1008.47,73.1,26.47,1008.47,73.1,0,none,none,,8.858666,64.0,ok
2025-03-05 05:00:00,AWS_MUM,19.08,72.88,11,25.55,1008.71,76.7,25.55,1008.71,76.7,0,none,none,,9.858666,64.0,ok
2025-03-05 06:00:00,AWS_MUM,19.08,72.88,11,24.62,1008.66,83.1,24.62,1008.66,83.1,0,none,none,,10.858666,64.0,ok
2025-03-05 07:00:00,AWS_MUM,19.08,72.88,11,23.56,1008.28,87.9,23.56,1008.28,87.9,0,none,none,,11.858666,64.0,ok
2025-03-05 08:00:00,AWS_MUM,19.08,72.88,11,24.05,1007.51,86.1,24.05,1007.51,86.1,0,none,none,,12.858666,64.0,ok
2025-03-05 09:00:00,AWS_MUM,19.08,72.88,11,23.01,1006.39,91.2,23.01,1006.39,91.2,0,none,none,,13.858666,64.0,ok
2025-03-05 10:00:00,AWS_MUM,19.08,72.88,11,23.03,1005.78,92.1,23.03,1005.78,92.1,0,none,none,,14.858666,64.0,ok
2025-03-05 11:00:00,AWS_MUM,19.08,72.88,11,22.62,1005.57,94.1,22.62,1005.57,94.1,0,none,none,,15.858666,64.0,ok
2025-03-05 12:00:00,AWS_MUM,19.08,72.88,11,23.73,1006.25,88.9,23.73,1006.25,88.9,0,none,none,,16.858667,64.0,ok
2025-03-05 13:00:00,AWS_MUM,19.08,72.88,11,25.5,1006.23,81.4,25.5,1006.23,81.4,0,none,none,,17.858667,64.0,ok
2025-03-05 14:00:00,AWS_MUM,19.08,72.88,11,26.05,1007.38,78.7,26.05,1007.38,78.7,0,none,none,,18.858667,64.0,ok
2025-03-05 15:00:00,AWS_MUM,19.08,72.88,11,27.69,1007.67,73.3,27.69,1007.67,73.3,0,none,none,,19.858667,64.0,ok
2025-03-05 16:00:00,AWS_MUM,19.08,72.88,11,28.09,1007.94,72.9,28.09,1007.94,72.9,0,none,none,,20.858667,64.0,ok
2025-03-05 17:00:00,AWS_MUM,19.08,72.88,11,28.78,1007.59,68.4,28.78,1007.59,68.4,0,none,none,,21.858667,64.0,ok
2025-03-05 18:00:00,AWS_MUM,19.08,72.88,11,29.18,1008.17,66.8,29.18,1008.17,66.8,0,none,none,,22.858667,64.0,ok
2025-03-05 19:00:00,AWS_MUM,19.08,72.88,11,30.07,1007.94,64.2,30.07,1007.94,64.2,0,none,none,,23.858667,64.0,ok
2025-03-05 20:00:00,AWS_MUM,19.08,72.88,11,31.11,1008.29,61.9,31.11,1008.29,61.9,0,none,none,,0.85866666,64.0,ok
2025-03-05 21:00:00,AWS_MUM,19.08,72.88,11,31.58,1008.38,58.5,31.58,1008.38,58.5,0,none,none,,1.8586667,64.0,ok
2025-03-05 22:00:00,AWS_MUM,19.08,72.88,11,31.7,1007.72,59.1,31.7,1007.72,59.1,0,none,none,,2.8586667,64.0,ok
2025-03-05 23:00:00,AWS_MUM,19.08,72.88,11,32.14,1007.83,57.9,32.14,1007.83,57.9,0,none,none,,3.8586667,64.0,ok
2025-03-06 00:00:00,AWS_MUM,19.08,72.88,11,31.65,1007.95,58.7,31.65,1007.95,58.7,0,none,none,,4.858667,65.0,ok
2025-03-06 01:00:00,AWS_MUM,19.08,72.88,11,29.94,1008.02,64.3,29.94,1008.02,64.3,0,none,none,,5.858667,65.0,ok
2025-03-06 02:00:00,AWS_MUM,19.08,72.88,11,29.37,1008.58,65.3,29.37,1008.58,65.3,0,none,none,,6.858667,65.0,ok
2025-03-06 03:00:00,AWS_MUM,19.08,72.88,11,28.65,1008.02,68.8,28.65,1008.02,68.8,0,none,none,,7.858667,65.0,ok
2025-03-06 04:00:00,AWS_MUM,19.08,72.88,11,28.15,1008.2,68.0,28.15,1008.2,68.0,0,none,none,,8.858666,65.0,ok
2025-03-06 05:00:00,AWS_MUM,19.08,72.88,11,27.61,1007.64,69.0,27.61,1007.64,69.0,0,none,none,,9.858666,65.0,ok
2025-03-06 06:00:00,AWS_MUM,19.08,72.88,11,26.45,1007.68,76.5,26.45,1007.68,76.5,0,none,none,,10.858666,65.0,ok
2025-03-06 07:00:00,AWS_MUM,19.08,72.88,11,26.86,1007.1,74.3,26.86,1007.1,74.3,0,none,none,,11.858666,65.0,ok
2025-03-06 08:00:00,AWS_MUM,19.08,72.88,11,26.0,1006.69,78.2,26.0,1006.69,78.2,0,none,none,,12.858666,65.0,ok
2025-03-06 09:00:00,AWS_MUM,19.08,72.88,11,24.93,1005.95,83.2,24.93,1005.95,83.2,0,none,none,,13.858666,65.0,ok
2025-03-06 10:00:00,AWS_MUM,19.08,72.88,11,24.97,1006.14,83.1,24.97,1006.14,83.1,0,none,none,,14.858666,65.0,ok
2025-03-06 11:00:00,AWS_MUM,19.08,72.88,11,25.09,1006.2,82.6,25.09,1006.2,82.6,0,none,none,,15.858666,65.0,ok
2025-03-06 12:00:00,AWS_MUM,19.08,72.88,11,24.27,1006.16,85.5,24.27,1006.16,85.5,0,none,none,,16.858667,65.0,ok
2025-03-06 13:00:00,AWS_MUM,19.08,72.88,11,24.21,1006.5,83.4,24.21,1006.5,83.4,0,none,none,,17.858667,65.0,ok
2025-03-06 14:00:00,AWS_MUM,19.08,72.88,11,25.0,1006.76,81.3,25.0,1006.76,81.3,0,none,none,,18.858667,65.0,ok
2025-03-06 15:00:00,AWS_MUM,19.08,72.88,11,25.58,1007.44,78.6,25.58,1007.44,78.6,0,none,none,,19.858667,65.0,ok
2025-03-06 16:00:00,AWS_MUM,19.08,72.88,11,26.28,1008.38,76.0,26.28,1008.38,76.0,0,none,none,,20.858667,65.0,ok
2025-03-06 17:00:00,AWS_MUM,19.08,72.88,11,28.06,1009.2,69.4,28.06,1009.2,69.4,0,none,none,,21.858667,65.0,ok
2025-03-06 18:00:00,AWS_MUM,19.08,72.88,11,29.63,1009.05,64.5,29.63,1009.05,64.5,0,none,none,,22.858667,65.0,ok
2025-03-06 19:00:00,AWS_MUM,19.08,72.88,11,30.93,1008.31,57.3,30.93,1008.31,57.3,0,none,none,,23.858667,65.0,ok
2025-03-06 20:00:00,AWS_MUM,19.08,72.88,11,33.54,1007.7,50.4,33.54,1007.7,50.4,0,none,none,,0.85866666,65.0,ok
2025-03-06 21:00:00,AWS_MUM,19.08,72.88,11,34.38,1007.63,47.8,34.38,1007.63,47.8,0,none,none,,1.8586667,65.0,ok
2025-03-06 22:00:00,AWS_MUM,19.08,72.88,11,33.43,1007.42,49.9,33.43,1007.42,49.9,0,none,none,,2.8586667,65.0,ok
2025-03-06 23:00:00,AWS_MUM,19.08,72.88,11,33.07,1007.51,49.4,33.07,1007.51,49.4,0,none,none,,3.8586667,65.0,ok
2025-03-07 00:00:00,AWS_MUM,19.08,72.88,11,32.88,1007.43,49.7,32.88,1007.43,49.7,0,none,none,,4.858667,66.0,ok
2025-03-07 01:00:00,AWS_MUM,19.08,72.88,11,32.21,1007.83,52.8,32.21,1007.83,52.8,0,none,none,,5.858667,66.0,ok
2025-03-07 02:00:00,AWS_MUM,19.08,72.88,11,30.77,1008.4,56.8,30.77,1008.4,56.8,0,none,none,,6.858667,66.0,ok
2025-03-07 03:00:00,AWS_MUM,19.08,72.88,11,29.39,1009.13,61.5,29.39,1009.13,61.5,0,none,none,,7.858667,66.0,ok
2025-03-07 04:00:00,AWS_MUM,19.08,72.88,11,28.58,1009.41,63.8,28.58,1009.41,63.8,0,none,none,,8.858666,66.0,ok
2025-03-07 05:00:00,AWS_MUM,19.08,72.88,11,28.52,1009.4,63.9,28.52,1009.4,63.9,0,none,none,,9.858666,66.0,ok
2025-03-07 06:00:00,AWS_MUM,19.08,72.88,11,27.98,1009.92,64.9,27.98,1009.92,64.9,0,none,none,,10.858666,66.0,ok
2025-03-07 07:00:00,AWS_MUM,19.08,72.88,11,26.23,1009.38,72.6,26.23,1009.38,72.6,0,none,none,,11.858666,66.0,ok
2025-03-07 08:00:00,AWS_MUM,19.08,72.88,11,25.31,1008.96,75.2,25.31,1008.96,75.2,0,none,none,,12.858666,66.0,ok
2025-03-07 09:00:00,AWS_MUM,19.08,72.88,11,24.54,1007.82,78.8,24.54,1007.82,78.8,0,none,none,,13.858666,66.0,ok
2025-03-07 10:00:00,AWS_MUM,19.08,72.88,11,23.29,1008.1,84.7,23.29,1008.1,84.7,0,none,none,,14.858666,66.0,ok
2025-03-07 11:00:00,AWS_MUM,19.08,72.88,11,22.69,1008.02,87.8,22.69,1008.02,87.8,0,none,none,,15.858666,66.0,ok
2025-03-07 12:00:00,AWS_MUM,19.08,72.88,11,24.42,1007.88,82.5,24.42,1007.88,82.5,0,none,none,,16.858667,66.0,ok
2025-03-07 13:00:00,AWS_MUM,19.08,72.88,11,25.31,1008.36,77.4,25.31,1008.36,77.4,0,none,none,,17.858667,66.0,ok
2025-03-07 14:00:00,AWS_MUM,19.08,72.88,11,26.96,1009.45,69.1,26.96,1009.45,69.1,0,none,none,,18.858667,66.0,ok
2025-03-07 15:00:00,AWS_MUM,19.08,72.88,11,27.16,1009.57,71.0,27.16,1009.57,71.0,0,none,none,,19.858667,66.0,ok
2025-03-07 16:00:00,AWS_MUM,19.08,72.88,11,27.59,1010.46,69.5,27.59,1010.46,69.5,0,none,none,,20.858667,66.0,ok
2025-03-07 17:00:00,AWS_MUM,19.08,72.88,11,29.22,1010.85,65.0,29.22,1010.85,65.0,0,none,none,,21.858667,66.0,ok
2025-03-07 18:00:00,AWS_MUM,19.08,72.88,11,29.49,1010.96,63.6,29.49,1010.96,63.6,0,none,none,,22.858667,66.0,ok
2025-03-07 19:00:00,AWS_MUM,19.08,72.88,11,31.73,1010.66,56.5,31.73,1010.66,56.5,0,none,none,,23.858667,66.0,ok
2025-03-07 20:00:00,AWS_MUM,19.08,72.88,11,31.3,1010.6,58.5,31.3,1010.6,58.5,0,none,none,,0.85866666,66.0,ok
2025-03-07 21:00:00,AWS_MUM,19.08,72.88,11,32.68,1010.06,53.1,32.68,1010.06,53.1,0,none,none,,1.8586667,66.0,ok
2025-03-07 22:00:00,AWS_MUM,19.08,72.88,11,32.47,1009.43,54.0,32.47,1009.43,54.0,0,none,none,,2.8586667,66.0,ok
2025-03-07 23:00:00,AWS_MUM,19.08,72.88,11,32.74,1009.2,54.6,32.74,1009.2,54.6,0,none,none,,3.8586667,66.0,ok
2025-03-08 00:00:00,AWS_MUM,19.08,72.88,11,33.21,1009.42,53.1,33.21,1009.42,53.1,0,none,none,,4.858667,67.0,ok
2025-03-08 01:00:00,AWS_MUM,19.08,72.88,11,32.37,1009.55,55.5,32.37,1009.55,55.5,0,none,none,,5.858667,67.0,ok
2025-03-08 02:00:00,AWS_MUM,19.08,72.88,11,32.44,1009.85,56.3,32.44,1009.85,56.3,0,none,none,,6.858667,67.0,ok
2025-03-08 03:00:00,AWS_MUM,19.08,72.88,11,31.84,1010.22,57.9,31.84,1010.22,57.9,0,none,none,,7.858667,67.0,ok
2025-03-08 04:00:00,AWS_MUM,19.08,72.88,11,30.34,1010.98,62.7,30.34,1010.98,62.7,0,none,none,,8.858666,67.0,ok
2025-03-08 05:00:00,AWS_MUM,19.08,72.88,11,28.7,1010.83,69.3,28.7,1010.83,69.3,0,none,none,,9.858666,67.0,ok
2025-03-08 06:00:00,AWS_MUM,19.08,72.88,11,27.06,1010.3,74.7,27.06,1010.3,74.7,0,none,none,,10.858666,67.0,ok
2025-03-08 07:00:00,AWS_MUM,19.08,72.88,11,25.26,1009.7,83.8,25.26,1009.7,83.8,0,none,none,,11.858666,67.0,ok
2025-03-08 08:00:00,AWS_MUM,19.08,72.88,11,24.45,1009.09,91.3,24.45,1009.09,91.3,0,none,none,,12.858666,67.0,ok
2025-03-08 09:00:00,AWS_MUM,19.08,72.88,11,24.9,1007.94,89.6,24.9,1007.94,89.6,0,none,none,,13.858666,67.0,ok
2025-03-08 10:00:00,AWS_MUM,19.08,72.88,11,25.17,1007.46,87.3,25.17,1007.46,87.3,0,none,none,,14.858666,67.0,ok
2025-03-08 11:00:00,AWS_MUM,19.08,72.88,11,24.82,1006.57,89.2,24.82,1006.57,89.2,0,none,none,,15.858666,67.0,ok
2025-03-08 12:00:00,AWS_MUM,19.08,72.88,11,25.87,1006.59,83.2,25.87,1006.59,83.2,0,none,none,,16.858667,67.0,ok
2025-03-08 13:00:00,AWS_MUM,19.08,72.88,11,27.28,1007.24,77.0,27.28,1007.24,77.0,0,none,none,,17.858667,67.0,ok
2025-03-08 14:00:00,AWS_MUM,19.08,72.88,11,27.68,1007.29,75.3,27.68,1007.29,75.3,0,none,none,,18.858667,67.0,ok
2025-03-08 15:00:00,AWS_MUM,19.08,72.88,11,28.7,1008.12,71.8,28.7,1008.12,71.8,0,none,none,,19.858667,67.0,ok
2025-03-08 16:00:00,AWS_MUM,19.08,72.88,11,30.0,1008.81,68.1,30.0,1008.81,68.1,0,none,none,,20.858667,67.0,ok
2025-03-08 17:00:00,AWS_MUM,19.08,72.88,11,31.34,1009.29,63.1,31.34,1009.29,63.1,0,none,none,,21.858667,67.0,ok
2025-03-08 18:00:00,AWS_MUM,19.08,72.88,11,32.89,1008.93,58.3,32.89,1008.93,58.3,0,none,none,,22.858667,67.0,ok
2025-03-08 19:00:00,AWS_MUM,19.08,72.88,11,34.37,1009.33,52.1,34.37,1009.33,52.1,0,none,none,,23.858667,67.0,ok
2025-03-08 20:00:00,AWS_MUM,19.08,72.88,11,34.72,1008.97,51.0,34.72,1008.97,51.0,0,none,none,,0.85866666,67.0,ok
2025-03-08 21:00:00,AWS_MUM,19.08,72.88,11,34.51,1008.31,51.9,34.51,1008.31,51.9,0,none,none,,1.8586667,67.0,ok
2025-03-08 22:00:00,AWS_MUM,19.08,72.88,11,35.01,1007.86,50.3,35.01,1007.86,50.3,0,none,none,,2.8586667,67.0,ok
2025-03-08 23:00:00,AWS_MUM,19.08,72.88,11,35.24,1008.11,49.3,35.24,1008.11,49.3,0,none,none,,3.8586667,67.0,ok
2025-03-09 00:00:00,AWS_MUM,19.08,72.88,11,34.8,1007.67,49.7,34.8,1007.67,49.7,0,none,none,,4.858667,68.0,ok
2025-03-09 01:00:00,AWS_MUM,19.08,72.88,11,34.4,1008.1,49.8,34.4,1008.1,49.8,0,none,none,,5.858667,68.0,ok
2025-03-09 02:00:00,AWS_MUM,19.08,72.88,11,34.38,1008.82,49.2,34.38,1008.82,49.2,0,none,none,,6.858667,68.0,ok
2025-03-09 03:00:00,AWS_MUM,19.08,72.88,11,32.79,1009.13,53.6,32.79,1009.13,53.6,0,none,none,,7.858667,68.0,ok
2025-03-09 04:00:00,AWS_MUM,19.08,72.88,11,31.47,1009.48,59.1,31.47,1009.48,59.1,0,none,none,,8.858666,68.0,ok
2025-03-09 05:00:00,AWS_MUM,19.08,72.88,11,30.47,1009.92,61.2,30.47,1009.92,61.2,0,none,none,,9.858666,68.0,ok
2025-03-09 06:00:00,AWS_MUM,19.08,72.88,11,28.87,1010.26,67.8,28.87,1010.26,67.8,0,none,none,,10.858666,68.0,ok
2025-03-09 07:00:00,AWS_MUM,19.08,72.88,11,27.66,1009.63,75.9,27.66,1009.63,75.9,0,none,none,,11.858666,68.0,ok
2025-03-09 08:00:00,AWS_MUM,19.08,72.88,11,27.26,1009.24,75.9,27.26,1009.24,75.9,0,none,none,,12.858666,68.0,ok
2025-03-09 09:00:00,AWS_MUM,19.08,72.88,11,27.54,1007.82,74.8,27.54,1007.82,74.8,0,none,none,,13.858666,68.0,ok
2025-03-09 10:00:00,AWS_MUM,19.08,72.88,11,27.3,1006.87,74.9,27.3,1006.87,74.9,0,none,none,,14.858666,68.0,ok
2025-03-09 11:00:00,AWS_MUM,19.08,72.88,11,26.71,1006.68,79.2,26.71,1006.68,79.2,0,none,none,,15.858666,68.0,ok
2025-03-09 12:00:00,AWS_MUM,19.08,72.88,11,27.11,1006.54,76.1,27.11,1006.54,76.1,0,none,none,,16.858667,68.0,ok
2025-03-09 13:00:00,AWS_MUM,19.08,72.88,11,26.8,1007.51,78.0,26.8,1007.51,78.0,0,none,none,,17.858667,68.0,ok
2025-03-09 14:00:00,AWS_MUM,19.08,72.88,11,27.04,1008.24,75.9,27.04,1008.24,75.9,0,none,none,,18.858667,68.0,ok
2025-03-09 15:00:00,AWS_MUM,19.08,72.88,11,27.64,1008.51,71.4,27.64,1008.51,71.4,0,none,none,,19.858667,68.0,ok
2025-03-09 16:00:00,AWS_MUM,19.08,72.88,11,28.6,1009.12,67.8,28.6,1009.12,67.8,0,none,none,,20.858667,68.0,ok
2025-03-09 17:00:00,AWS_MUM,19.08,72.88,11,29.44,1009.5,62.1,29.44,1009.5,62.1,0,none,none,,21.858667,68.0,ok
2025-03-09 18:00:00,AWS_MUM,19.08,72.88,11,30.24,1009.65,59.7,30.24,1009.65,59.7,0,none,none,,22.858667,68.0,ok
2025-03-09 19:00:00,AWS_MUM,19.08,72.88,11,31.61,1009.6,56.0,31.61,1009.6,56.0,0,none,none,,23.858667,68.0,ok
2025-03-09 20:00:00,AWS_MUM,19.08,72.88,11,31.73,1009.59,56.2,31.73,1009.59,56.2,0,none,none,,0.85866666,68.0,ok
2025-03-09 21:00:00,AWS_MUM,19.08,72.88,11,32.09,1009.04,54.5,32.09,1009.04,54.5,0,none,none,,1.8586667,68.0,ok
2025-03-09 22:00:00,AWS_MUM,19.08,72.88,11,31.52,1008.99,55.1,31.52,1008.99,55.1,0,none,none,,2.8586667,68.0,ok
2025-03-09 23:00:00,AWS_MUM,19.08,72.88,11,31.57,1008.81,55.4,31.57,1008.81,55.4,0,none,none,,3.8586667,68.0,ok
2025-03-10 00:00:00,AWS_MUM,19.08,72.88,11,31.03,1008.63,58.2,31.03,1008.63,58.2,0,none,none,,4.858667,69.0,ok
2025-03-10 01:00:00,AWS_MUM,19.08,72.88,11,30.89,1009.25,57.4,30.89,1009.25,57.4,0,none,none,,5.858667,69.0,ok
2025-03-10 02:00:00,AWS_MUM,19.08,72.88,11,31.48,1009.28,54.6,31.48,1009.28,54.6,0,none,none,,6.858667,69.0,ok
2025-03-10 03:00:00,AWS_MUM,19.08,72.88,11,30.74,1009.98,57.2,30.74,1009.98,57.2,0,none,none,,7.858667,69.0,ok
2025-03-10 04:00:00,AWS_MUM,19.08,72.88,11,29.25,1010.28,60.5,29.25,1010.28,60.5,0,none,none,,8.858666,69.0,ok
2025-03-10 05:00:00,AWS_MUM,19.08,72.88,11,29.12,1010.54,61.3,29.12,1010.54,61.3,0,none,none,,9.858666,69.0,ok
2025-03-10 06:00:00,AWS_MUM,19.08,72.88,11,28.39,1010.94,64.3,28.39,1010.94,64.3,0,none,none,,10.858666,69.0,ok
2025-03-10 07:00:00,AWS_MUM,19.08,72.88,11,28.18,1010.26,63.6,28.18,1010.26,63.6,0,none,none,,11.858666,69.0,ok
2025-03-10 08:00:00,AWS_MUM,19.08,72.88,11,26.56,1009.03,71.1,26.56,1009.03,71.1,0,none,none,,12.858666,69.0,ok
2025-03-10 09:00:00,AWS_MUM,19.08,72.88,11,25.82,1008.37,73.4,25.82,1008.37,73.4,0,none,none,,13.858666,69.0,ok
2025-03-10 10:00:00,AWS_MUM,19.08,72.88,11,25.09,1007.63,75.4,25.09,1007.63,75.4,0,none,none,,14.858666,69.0,ok
2025-03-10 11:00:00,AWS_MUM,19.08,72.88,11,26.64,1007.51,68.6,26.64,1007.51,68.6,0,none,none,,15.858666,69.0,ok
2025-03-10 12:00:00,AWS_MUM,19.08,72.88,11,28.0,1006.76,64.5,28.0,1006.76,64.5,0,none,none,,16.858667,69.0,ok
2025-03-10 13:00:00,AWS_MUM,19.08,72.88,11,27.14,1007.8,66.9,27.14,1007.8,66.9,0,none,none,,17.858667,69.0,ok
2025-03-10 14:00:00,AWS_MUM,19.08,72.88,11,28.05,1008.23,65.0,28.05,1008.23,65.0,0,none,none,,18.858667,69.0,ok
2025-03-10 15:00:00,AWS_MUM,19.08,72.88,11,28.57,1008.7,63.2,28.57,1008.7,63.2,0,none,none,,19.858667,69.0,ok
2025-03-10 16:00:00,AWS_MUM,19.08,72.88,11,29.19,1009.73,59.3,29.19,1009.73,59.3,0,none,none,,20.858667,69.0,ok
2025-03-10 17:00:00,AWS_MUM,19.08,72.88,11,30.81,1009.88,53.8,30.81,1009.88,53.8,0,none,none,,21.858667,69.0,ok
2025-03-10 18:00:00,AWS_MUM,19.08,72.88,11,32.15,1010.05,51.5,32.15,1010.05,51.5,0,none,none,,22.858667,69.0,ok
2025-03-10 19:00:00,AWS_MUM,19.08,72.88,11,33.0,1010.23,47.8,33.0,1010.23,47.8,0,none,none,,23.858667,69.0,ok
2025-03-10 20:00:00,AWS_MUM,19.08,72.88,11,33.2,1010.25,46.5,33.2,1010.25,46.5,0,none,none,,0.85866666,69.0,ok
2025-03-10 21:00:00,AWS_MUM,19.08,72.88,11,32.43,1010.18,48.3,32.43,1010.18,48.3,0,none,none,,1.8586667,69.0,ok
2025-03-10 22:00:00,AWS_MUM,19.08,72.88,11,32.39,1009.85,47.7,32.39,1009.85,47.7,0,none,none,,2.8586667,69.0,ok
2025-03-10 23:00:00,AWS_MUM,19.08,72.88,11,31.89,1009.55,50.0,31.89,1009.55,50.0,0,none,none,,3.8586667,69.0,ok
2025-03-11 00:00:00,AWS_MUM,19.08,72.88,11,31.52,1009.76,50.0,31.52,1009.76,50.0,0,none,none,,4.858667,70.0,ok
2025-03-11 01:00:00,AWS_MUM,19.08,72.88,11,31.17,1009.39,51.3,31.17,1009.39,51.3,0,none,none,,5.858667,70.0,ok
2025-03-11 02:00:00,AWS_MUM,19.08,72.88,11,30.33,1010.06,54.0,30.33,1010.06,54.0,0,none,none,,6.858667,70.0,ok
2025-03-11 03:00:00,AWS_MUM,19.08,72.88,11,28.56,1010.41,60.2,28.56,1010.41,60.2,0,none,none,,7.858667,70.0,ok
2025-03-11 04:00:00,AWS_MUM,19.08,72.88,11,27.06,1010.55,64.1,27.06,1010.55,64.1,0,none,none,,8.858666,70.0,ok
2025-03-11 05:00:00,AWS_MUM,19.08,72.88,11,27.43,1010.71,62.6,27.43,1010.71,62.6,0,none,none,,9.858666,70.0,ok
2025-03-11 06:00:00,AWS_MUM,19.08,72.88,11,25.64,1010.28,69.6,25.64,1010.28,69.6,0,none,none,,10.858666,70.0,ok
2025-03-11 07:00:00,AWS_MUM,19.08,72.88,11,24.14,1010.16,77.3,24.14,1010.16,77.3,0,none,none,,11.858666,70.0,ok
2025-03-11 08:00:00,AWS_MUM,19.08,72.88,11,24.29,1008.43,76.8,24.29,1008.43,76.8,0,none,none,,12.858666,70.0,ok
2025-03-11 09:00:00,AWS_MUM,19.08,72.88,11,24.52,1007.92,73.0,24.52,1007.92,73.0,0,none,none,,13.858666,70.0,ok
2025-03-11 10:00:00,AWS_MUM,19.08,72.88,11,24.03,1007.75,75.5,24.03,1007.75,75.5,0,none,none,,14.858666,70.0,ok
2025-03-11 11:00:00,AWS_MUM,19.08,72.88,11,24.05,1007.46,75.2,24.05,1007.46,75.2,0,none,none,,15.858666,70.0,ok
2025-03-11 12:00:00,AWS_MUM,19.08,72.88,11,24.58,1007.9,72.2,24.58,1007.9,72.2,0,none,none,,16.858667,70.0,ok
2025-03-11 13:00:00,AWS_MUM,19.08,72.88,11,25.79,1008.79,66.1,25.79,1008.79,66.1,0,none,none,,17.858667,70.0,ok
2025-03-11 14:00:00,AWS_MUM,19.08,72.88,11,26.09,1008.99,65.9,26.09,1008.99,65.9,0,none,none,,18.858667,70.0,ok
2025-03-11 15:00:00,AWS_MUM,19.08,72.88,11,27.18,1009.6,63.4,27.18,1009.6,63.4,0,none,none,,19.858667,70.0,ok
2025-03-11 16:00:00,AWS_MUM,19.08,72.88,11,28.08,1010.88,58.9,28.08,1010.88,58.9,0,none,none,,20.858667,70.0,ok
2025-03-11 17:00:00,AWS_MUM,19.08,72.88,11,29.68,1011.27,56.4,29.68,1011.27,56.4,0,none,none,,21.858667,70.0,ok
2025-03-11 18:00:00,AWS_MUM,19.08,72.88,11,31.63,1011.03,50.5,31.63,1011.03,50.5,0,none,none,,22.858667,70.0,ok
2025-03-11 19:00:00,AWS_MUM,19.08,72.88,11,32.54,1010.05,49.0,32.54,1010.05,49.0,0,none,none,,23.858667,70.0,ok
2025-03-11 20:00:00,AWS_MUM,19.08,72.88,11,32.99,1009.55,48.6,32.99,1009.55,48.6,0,none,none,,0.85866666,70.0,ok
2025-03-11 21:00:00,AWS_MUM,19.08,72.88,11,33.66,1009.39,46.8,33.66,1009.39,46.8,0,none,none,,1.8586667,70.0,ok
2025-03-11 22:00:00,AWS_MUM,19.08,72.88,11,33.87,1009.29,46.2,33.87,1009.29,46.2,0,none,none,,2.8586667,70.0,ok
2025-03-11 23:00:00,AWS_MUM,19.08,72.88,11,33.05,1009.34,46.7,33.05,1009.34,46.7,0,none,none,,3.8586667,70.0,ok
2025-03-12 00:00:00,AWS_MUM,19.08,72.88,11,32.1,1009.83,46.9,32.1,1009.83,46.9,0,none,none,,4.858667,71.0,ok
2025-03-12 01:00:00,AWS_MUM,19.08,72.88,11,31.15,1010.58,51.9,31.15,1010.58,51.9,0,none,none,,5.858667,71.0,ok
2025-03-12 02:00:00,AWS_MUM,19.08,72.88,11,30.1,1010.71,55.6,30.1,1010.71,55.6,0,none,none,,6.858667,71.0,ok
2025-03-12 03:00:00,AWS_MUM,19.08,72.88,11,29.15,1011.4,58.8,29.15,1011.4,58.8,0,none,none,,7.858667,71.0,ok
2025-03-12 04:00:00,AWS_MUM,19.08,72.88,11,27.91,1011.86,62.8,27.91,1011.86,62.8,0,none,none,,8.858666,71.0,ok
2025-03-12 05:00:00,AWS_MUM,19.08,72.88,11,26.85,1012.09,66.4,26.85,1012.09,66.4,0,none,none,,9.858666,71.0,ok
2025-03-12 06:00:00,AWS_MUM,19.08,72.88,11,26.81,1011.46,68.2,26.81,1011.46,68.2,0,none,none,,10.858666,71.0,ok
2025-03-12 07:00:00,AWS_MUM,19.08,72.88,11,25.15,1010.98,73.0,25.15,1010.98,73.0,0,none,none,,11.858666,71.0,ok
2025-03-12 08:00:00,AWS_MUM,19.08,72.88,11,24.63,1010.51,75.7,24.63,1010.51,75.7,0,none,none,,12.858666,71.0,ok
2025-03-12 09:00:00,AWS_MUM,19.08,72.88,11,23.88,1010.75,80.6,23.88,1010.75,80.6,0,none,none,,13.858666,71.0,ok
2025-03-12 10:00:00,AWS_MUM,19.08,72.88,11,24.78,1010.33,75.3,24.78,1010.33,75.3,0,none,none,,14.858666,71.0,ok
2025-03-12 11:00:00,AWS_MUM,19.08,72.88,11,25.35,1010.22,77.4,25.35,1010.22,77.4,0,none,none,,15.858666,71.0,ok
2025-03-12 12:00:00,AWS_MUM,19.08,72.88,11,26.36,1010.35,71.5,26.36,1010.35,71.5,0,none,none,,16.858667,71.0,ok
2025-03-12 13:00:00,AWS_MUM,19.08,72.88,11,26.41,1010.45,72.0,26.41,1010.45,72.0,0,none,none,,17.858667,71.0,ok
2025-03-12 14:00:00,AWS_MUM,19.08,72.88,11,26.14,1010.6,72.3,26.14,1010.6,72.3,0,none,none,,18.858667,71.0,ok
2025-03-12 15:00:00,AWS_MUM,19.08,72.88,11,27.89,1011.38,67.6,27.89,1011.38,67.6,0,none,none,,19.858667,71.0,ok
2025-03-12 16:00:00,AWS_MUM,19.08,72.88,11,29.31,1012.14,61.3,29.31,1012.14,61.3,0,none,none,,20.858667,71.0,ok
2025-03-12 17:00:00,AWS_MUM,19.08,72.88,11,30.86,1012.88,55.8,30.86,1012.88,55.8,0,none,none,,21.858667,71.0,ok
2025-03-12 18:00:00,AWS_MUM,19.08,72.88,11,31.09,1013.08,55.9,31.09,1013.08,55.9,0,none,none,,22.858667,71.0,ok
2025-03-12 19:00:00,AWS_MUM,19.08,72.88,11,31.66,1012.69,53.0,31.66,1012.69,53.0,0,none,none,,23.858667,71.0,ok
2025-03-12 20:00:00,AWS_MUM,19.08,72.88,11,32.15,1012.23,52.8,32.15,1012.23,52.8,0,none,none,,0.85866666,71.0,ok
2025-03-12 21:00:00,AWS_MUM,19.08,72.88,11,31.76,1012.07,52.7,31.76,1012.07,52.7,0,none,none,,1.8586667,71.0,ok
2025-03-12 22:00:00,AWS_MUM,19.08,72.88,11,32.13,1011.39,51.5,32.13,1011.39,51.5,0,none,none,,2.8586667,71.0,ok
2025-03-12 23:00:00,AWS_MUM,19.08,72.88,11,32.64,1011.23,49.0,32.64,1011.23,49.0,0,none,none,,3.8586667,71.0,ok
2025-03-13 00:00:00,AWS_MUM,19.08,72.88,11,32.57,1011.29,48.8,32.57,1011.29,48.8,0,none,none,,4.858667,72.0,ok
2025-03-13 01:00:00,AWS_MUM,19.08,72.88,11,31.75,1011.78,50.4,31.75,1011.78,50.4,0,none,none,,5.858667,72.0,ok
2025-03-13 02:00:00,AWS_MUM,19.08,72.88,11,30.52,1011.63,55.4,30.52,1011.63,55.4,0,none,none,,6.858667,72.0,ok
2025-03-13 03:00:00,AWS_MUM,19.08,72.88,11,29.19,1011.62,62.3,29.19,1011.62,62.3,0,none,none,,7.858667,72.0,ok
2025-03-13 04:00:00,AWS_MUM,19.08,72.88,11,28.29,1012.1,63.8,28.29,1012.1,63.8,0,none,none,,8.858666,72.0,ok
2025-03-13 05:00:00,AWS_MUM,19.08,72.88,11,28.07,1012.58,64.9,28.07,1012.58,64.9,0,none,none,,9.858666,72.0,ok
2025-03-13 06:00:00,AWS_MUM,19.08,72.88,11,26.43,1012.3,71.9,26.43,1012.3,71.9,0,none,none,,10.858666,72.0,ok
2025-03-13 07:00:00,AWS_MUM,19.08,72.88,11,25.13,1011.42,79.0,25.13,1011.42,79.0,0,none,none,,11.858666,72.0,ok
2025-03-13 08:00:00,AWS_MUM,19.08,72.88,11,24.58,1010.6,80.4,24.58,1010.6,80.4,0,none,none,,12.858666,72.0,ok
2025-03-13 09:00:00,AWS_MUM,19.08,72.88,11,24.57,1010.37,79.7,24.57,1010.37,79.7,0,none,none,,13.858666,72.0,ok
2025-03-13 10:00:00,AWS_MUM,19.08,72.88,11,24.3,1009.2,80.6,24.3,1009.2,80.6,0,none,none,,14.858666,72.0,ok
2025-03-13 11:00:00,AWS_MUM,19.08,72.88,11,23.69,1008.76,82.2,23.69,1008.76,82.2,0,none,none,,15.858666,72.0,ok
2025-03-13 12:00:00,AWS_MUM,19.08,72.88,11,24.2,1009.6,80.4,24.2,1009.6,80.4,0,none,none,,16.858667,72.0,ok
2025-03-13 13:00:00,AWS_MUM,19.08,72.88,11,26.28,1010.4,71.2,26.28,1010.4,71.2,0,none,none,,17.858667,72.0,ok
2025-03-13 14:00:00,AWS_MUM,19.08,72.88,11,25.98,1010.67,73.5,25.98,1010.67,73.5,0,none,none,,18.858667,72.0,ok
2025-03-13 15:00:00,AWS_MUM,19.08,72.88,11,27.41,1011.19,65.8,27.41,1011.19,65.8,0,none,none,,19.858667,72.0,ok
2025-03-13 16:00:00,AWS_MUM,19.08,72.88,11,28.49,1011.51,60.7,28.49,1011.51,60.7,0,none,none,,20.858667,72.0,ok
2025-03-13 17:00:00,AWS_MUM,19.08,72.88,11,29.55,1012.03,57.3,29.55,1012.03,57.3,0,none,none,,21.858667,72.0,ok
2025-03-13 18:00:00,AWS_MUM,19.08,72.88,11,30.12,1012.33,56.4,30.12,1012.33,56.4,0,none,none,,22.858667,72.0,ok
2025-03-13 19:00:00,AWS_MUM,19.08,72.88,11,30.42,1012.17,56.2,30.42,1012.17,56.2,0,none,none,,23.858667,72.0,ok
2025-03-13 20:00:00,AWS_MUM,19.08,72.88,11,31.66,1011.69,53.5,31.66,1011.69,53.5,0,none,none,,0.85866666,72.0,ok
2025-03-13 21:00:00,AWS_MUM,19.08,72.88,11,32.17,1011.3,51.7,32.17,1011.3,51.7,0,none,none,,1.8586667,72.0,ok
2025-03-13 22:00:00,AWS_MUM,19.08,72.88,11,33.91,1010.67,46.9,33.91,1010.67,46.9,0,none,none,,2.8586667,72.0,ok
2025-03-13 23:00:00,AWS_MUM,19.08,72.88,11,33.44,1010.12,48.1,33.44,1010.12,48.1,0,none,none,,3.8586667,72.0,ok
2025-03-14 00:00:00,AWS_MUM,19.08,72.88,11,33.85,1009.86,45.6,33.85,1009.86,45.6,0,none,none,,4.858667,73.0,ok
2025-03-14 01:00:00,AWS_MUM,19.08,72.88,11,33.81,1009.61,47.4,33.81,1009.61,47.4,0,none,none,,5.858667,73.0,ok
2025-03-14 02:00:00,AWS_MUM,19.08,72.88,11,33.11,1009.8,49.3,33.11,1009.8,49.3,0,none,none,,6.858667,73.0,ok
2025-03-14 03:00:00,AWS_MUM,19.08,72.88,11,31.92,1010.01,53.2,31.92,1010.01,53.2,0,none,none,,7.858667,73.0,ok
2025-03-14 04:00:00,AWS_MUM,19.08,72.88,11,30.63,1010.17,56.2,30.63,1010.17,56.2,0,none,none,,8.858666,73.0,ok
2025-03-14 05:00:00,AWS_MUM,19.08,72.88,11,29.74,1009.69,60.8,29.74,1009.69,60.8,0,none,none,,9.858666,73.0,ok
2025-03-14 06:00:00,AWS_MUM,19.08,72.88,11,28.45,1008.97,62.8,28.45,1008.97,62.8,0,none,none,,10.858666,73.0,ok
2025-03-14 07:00:00,AWS_MUM,19.08,72.88,11,28.65,1008.3,61.4,28.65,1008.3,61.4,0,none,none,,11.858666,73.0,ok
2025-03-14 08:00:00,AWS_MUM,19.08,72.88,11,26.87,1007.57,69.3,26.87,1007.57,69.3,0,none,none,,12.858666,73.0,ok
2025-03-14 09:00:00,AWS_MUM,19.08,72.88,11,27.19,1006.62,68.1,27.19,1006.62,68.1,0,none,none,,13.858666,73.0,ok
2025-03-14 10:00:00,AWS_MUM,19.08,72.88,11,26.74,1006.88,69.7,26.74,1006.88,69.7,0,none,none,,14.858666,73.0,ok
2025-03-14 11:00:00,AWS_MUM,19.08,72.88,11,28.22,1006.33,63.8,28.22,1006.33,63.8,0,none,none,,15.858666,73.0,ok
2025-03-14 12:00:00,AWS_MUM,19.08,72.88,11,29.01,1006.57,62.9,29.01,1006.57,62.9,0,none,none,,16.858667,73.0,ok
2025-03-14 13:00:00,AWS_MUM,19.08,72.88,11,30.2,1006.91,58.3,30.2,1006.91,58.3,0,none,none,,17.858667,73.0,ok
2025-03-14 14:00:00,AWS_MUM,19.08,72.88,11,31.24,1007.54,55.2,31.24,1007.54,55.2,0,none,none,,18.858667,73.0,ok
2025-03-14 15:00:00,AWS_MUM,19.08,72.88,11,31.43,1007.84,54.8,31.43,1007.84,54.8,0,none,none,,19.858667,73.0,ok
2025-03-14 16:00:00,AWS_MUM,19.08,72.88,11,32.89,1008.52,49.9,32.89,1008.52,49.9,0,none,none,,20.858667,73.0,ok
2025-03-14 17:00:00,AWS_MUM,19.08,72.88,11,32.94,1008.66,49.9,32.94,1008.66,49.9,0,none,none,,21.858667,73.0,ok
2025-03-14 18:00:00,AWS_MUM,19.08,72.88,11,33.35,1008.8,49.7,33.35,1008.8,49.7,0,none,none,,22.858667,73.0,ok
2025-03-14 19:00:00,AWS_MUM,19.08,72.88,11,34.78,1008.53,46.4,34.78,1008.53,46.4,0,none,none,,23.858667,73.0,ok
2025-03-14 20:00:00,AWS_MUM,19.08,72.88,11,35.52,1008.15,43.9,35.52,1008.15,43.9,0,none,none,,0.85866666,73.0,ok
2025-03-14 21:00:00,AWS_MUM,19.08,72.88,11,35.88,1008.27,43.5,35.88,1008.27,43.5,0,none,none,,1.8586667,73.0,ok
2025-03-14 22:00:00,AWS_MUM,19.08,72.88,11,35.93,1008.03,43.3,35.93,1008.03,43.3,0,none,none,,2.8586667,73.0,ok
2025-03-14 23:00:00,AWS_MUM,19.08,72.88,11,35.85,1007.59,42.8,35.85,1007.59,42.8,0,none,none,,3.8586667,73.0,ok
2025-03-15 00:00:00,AWS_MUM,19.08,72.88,11,34.97,1007.92,45.7,34.97,1007.92,45.7,0,none,none,,4.858667,74.0,ok
2025-03-15 01:00:00,AWS_MUM,19.08,72.88,11,34.16,1008.24,48.6,34.16,1008.24,48.6,0,none,none,,5.858667,74.0,ok
2025-03-15 02:00:00,AWS_MUM,19.08,72.88,11,32.72,1008.78,52.5,32.72,1008.78,52.5,0,none,none,,6.858667,74.0,ok
2025-03-15 03:00:00,AWS_MUM,19.08,72.88,11,32.69,1009.37,52.0,32.69,1009.37,52.0,0,none,none,,7.858667,74.0,ok
2025-03-15 04:00:00,AWS_MUM,19.08,72.88,11,30.78,1009.45,58.5,30.78,1009.45,58.5,0,none,none,,8.858666,74.0,ok
2025-03-15 05:00:00,AWS_MUM,19.08,72.88,11,29.3,1009.05,63.1,29.3,1009.05,63.1,0,none,none,,9.858666,74.0,ok
2025-03-15 06:00:00,AWS_MUM,19.08,72.88,11,28.63,1008.6,65.6,28.63,1008.6,65.6,0,none,none,,10.858666,74.0,ok
2025-03-15 07:00:00,AWS_MUM,19.08,72.88,11,27.01,1007.81,71.5,27.01,1007.81,71.5,0,none,none,,11.858666,74.0,ok
2025-03-15 08:00:00,AWS_MUM,19.08,72.88,11,26.49,1007.4,73.6,26.49,1007.4,73.6,0,none,none,,12.858666,74.0,ok
2025-03-15 09:00:00,AWS_MUM,19.08,72.88,11,27.02,1006.45,71.3,27.02,1006.45,71.3,0,none,none,,13.858666,74.0,ok
2025-03-15 10:00:00,AWS_MUM,19.08,72.88,11,26.52,1007.33,73.0,26.52,1007.33,73.0,0,none,none,,14.858666,74.0,ok
2025-03-15 11:00:00,AWS_MUM,19.08,72.88,11,26.34,1007.6,73.4,26.34,1007.6,73.4,0,none,none,,15.858666,74.0,ok
2025-03-15 12:00:00,AWS_MUM,19.08,72.88,11,26.86,1008.24,70.7,26.86,1008.24,70.7,0,none,none,,16.858667,74.0,ok
2025-03-15 13:00:00,AWS_MUM,19.08,72.88,11,26.16,1008.91,74.1,26.16,1008.91,74.1,0,none,none,,17.858667,74.0,ok
2025-03-15 14:00:00,AWS_MUM,19.08,72.88,11,27.9,1009.8,66.2,27.9,1009.8,66.2,0,none,none,,18.858667,74.0,ok
2025-03-15 15:00:00,AWS_MUM,19.08,72.88,11,28.62,1010.41,62.6,28.62,1010.41,62.6,0,none,none,,19.858667,74.0,ok
2025-03-15 16:00:00,AWS_MUM,19.08,72.88,11,29.61,1009.96,59.3,29.61,1009.96,59.3,0,none,none,,20.858667,74.0,ok
2025-03-15 17:00:00,AWS_MUM,19.08,72.88,11,30.59,1010.46,56.2,30.59,1010.46,56.2,0,none,none,,21.858667,74.0,ok
2025-03-15 18:00:00,AWS_MUM,19.08,72.88,11,31.84,1010.66,52.4,31.84,1010.66,52.4,0,none,none,,22.858667,74.0,ok
2025-03-15 19:00:00,AWS_MUM,19.08,72.88,11,33.09,1010.91,48.8,33.09,1010.91,48.8,0,none,none,,23.858667,74.0,ok
2025-03-15 20:00:00,AWS_MUM,19.08,72.88,11,33.61,1010.07,47.6,33.61,1010.07,47.6,0,none,none,,0.85866666,74.0,ok
2025-03-15 21:00:00,AWS_MUM,19.08,72.88,11,34.13,1009.88,45.7,34.13,1009.88,45.7,0,none,none,,1.8586667,74.0,ok
2025-03-15 22:00:00,AWS_MUM,19.08,72.88,11,34.8,1009.9,44.1,34.8,1009.9,44.1,0,none,none,,2.8586667,74.0,ok
2025-03-15 23:00:00,AWS_MUM,19.08,72.88,11,34.06,1009.93,48.0,34.06,1009.93,48.0,0,none,none,,3.8586667,74.0,ok
2025-03-16 00:00:00,AWS_MUM,19.08,72.88,11,33.85,1009.81,48.7,33.85,1009.81,48.7,0,none,none,,4.858667,75.0,ok
2025-03-16 01:00:00,AWS_MUM,19.08,72.88,11,32.06,1009.72,53.9,32.06,1009.72,53.9,0,none,none,,5.858667,75.0,ok
2025-03-16 02:00:00,AWS_MUM,19.08,72.88,11,31.31,1010.36,56.4,31.31,1010.36,56.4,0,none,none,,6.858667,75.0,ok
2025-03-16 03:00:00,AWS_MUM,19.08,72.88,11,31.48,1010.65,56.0,31.48,1010.65,56.0,0,none,none,,7.858667,75.0,ok
2025-03-16 04:00:00,AWS_MUM,19.08,72.88,11,29.54,1010.96,60.7,29.54,1010.96,60.7,0,none,none,,8.858666,75.0,ok
2025-03-16 05:00:00,AWS_MUM,19.08,72.88,11,28.86,1010.67,63.2,28.86,1010.67,63.2,0,none,none,,9.858666,75.0,ok
2025-03-16 06:00:00,AWS_MUM,19.08,72.88,11,27.49,1010.15,70.0,27.49,1010.15,70.0,0,none,none,,10.858666,75.0,ok
2025-03-16 07:00:00,AWS_MUM,19.08,72.88,11,26.51,1009.5,73.8,26.51,1009.5,73.8,0,none,none,,11.858666,75.0,ok
2025-03-16 08:00:00,AWS_MUM,19.08,72.88,11,25.93,1008.35,76.5,25.93,1008.35,76.5,0,none,none,,12.858666,75.0,ok
2025-03-16 09:00:00,AWS_MUM,19.08,72.88,11,25.72,1007.41,77.7,25.72,1007.41,77.7,0,none,none,,13.858666,75.0,ok
2025-03-16 10:00:00,AWS_MUM,19.08,72.88,11,25.95,1007.12,76.2,25.95,1007.12,76.2,0,none,none,,14.858666,75.0,ok
2025-03-16 11:00:00,AWS_MUM,19.08,72.88,11,26.18,1006.81,77.0,26.18,1006.81,77.0,0,none,none,,15.858666,75.0,ok
2025-03-16 12:00:00,AWS_MUM,19.08,72.88,11,27.11,1007.62,73.1,27.11,1007.62,73.1,0,none,none,,16.858667,75.0,ok
2025-03-16 13:00:00,AWS_MUM,19.08,72.88,11,28.39,1007.75,65.7,28.39,1007.75,65.7,0,none,none,,17.858667,75.0,ok
2025-03-16 14:00:00,AWS_MUM,19.08,72.88,11,28.55,1008.41,67.5,28.55,1008.41,67.5,0,none,none,,18.858667,75.0,ok
2025-03-16 15:00:00,AWS_MUM,19.08,72.88,11,29.99,1008.92,62.5,29.99,1008.92,62.5,0,none,none,,19.858667,75.0,ok
2025-03-16 16:00:00,AWS_MUM,19.08,72.88,11,31.52,1009.55,56.3,31.52,1009.55,56.3,0,none,none,,20.858667,75.0,ok
2025-03-16 17:00:00,AWS_MUM,19.08,72.88,11,32.25,1010.38,53.6,32.25,1010.38,53.6,0,none,none,,21.858667,75.0,ok
2025-03-16 18:00:00,AWS_MUM,19.08,72.88,11,32.08,1010.55,54.0,32.08,1010.55,54.0,0,none,none,,22.858667,75.0,ok
2025-03-16 19:00:00,AWS_MUM,19.08,72.88,11,33.38,1010.11,52.1,33.38,1010.11,52.1,0,none,none,,23.858667,75.0,ok
2025-03-16 20:00:00,AWS_MUM,19.08,72.88,11,33.87,1009.71,49.5,33.87,1009.71,49.5,0,none,none,,0.85866666,75.0,ok
2025-03-16 21:00:00,AWS_MUM,19.08,72.88,11,35.0,1009.43,48.2,35.0,1009.43,48.2,0,none,none,,1.8586667,75.0,ok
2025-03-16 22:00:00,AWS_MUM,19.08,72.88,11,34.53,1009.31,48.6,34.53,1009.31,48.6,0,none,none,,2.8586667,75.0,ok
2025-03-16 23:00:00,AWS_MUM,19.08,72.88,11,34.46,1008.69,48.7,34.46,1008.69,48.7,0,none,none,,3.8586667,75.0,ok
2025-03-17 00:00:00,AWS_MUM,19.08,72.88,11,33.62,1008.59,52.0,33.62,1008.59,52.0,0,none,none,,4.858667,76.0,ok
2025-03-17 01:00:00,AWS_MUM,19.08,72.88,11,32.39,1008.62,56.0,32.39,1008.62,56.0,0,none,none,,5.858667,76.0,ok
2025-03-17 02:00:00,AWS_MUM,19.08,72.88,11,31.67,1009.37,58.5,31.67,1009.37,58.5,0,none,none,,6.858667,76.0,ok
2025-03-17 03:00:00,AWS_MUM,19.08,72.88,11,30.46,1009.53,64.5,30.46,1009.53,64.5,0,none,none,,7.858667,76.0,ok
2025-03-17 04:00:00,AWS_MUM,19.08,72.88,11,29.68,1010.22,66.9,29.68,1010.22,66.9,0,none,none,,8.858666,76.0,ok
2025-03-17 05:00:00,AWS_MUM,19.08,72.88,11,28.99,1010.07,69.9,28.99,1010.07,69.9,0,none,none,,9.858666,76.0,ok
2025-03-17 06:00:00,AWS_MUM,19.08,72.88,11,27.32,1009.72,77.4,27.32,1009.72,77.4,0,none,none,,10.858666,76.0,ok
2025-03-17 07:00:00,AWS_MUM,19.08,72.88,11,26.34,1009.53,82.1,26.34,1009.53,82.1,0,none,none,,11.858666,76.0,ok
2025-03-17 08:00:00,AWS_MUM,19.08,72.88,11,25.42,1009.0,85.8,25.42,1009.0,85.8,0,none,none,,12.858666,76.0,ok
2025-03-17 09:00:00,AWS_MUM,19.08,72.88,11,24.55,1008.37,91.7,24.55,1008.37,91.7,0,none,none,,13.858666,76.0,ok
2025-03-17 10:00:00,AWS_MUM,19.08,72.88,11,25.03,1008.49,88.1,25.03,1008.49,88.1,0,none,none,,14.858666,76.0,ok
2025-03-17 11:00:00,AWS_MUM,19.08,72.88,11,25.46,1008.28,88.1,25.46,1008.28,88.1,0,none,none,,15.858666,76.0,ok
2025-03-17 12:00:00,AWS_MUM,19.08,72.88,11,26.38,1008.21,83.9,26.38,1008.21,83.9,0,none,none,,16.858667,76.0,ok
2025-03-17 13:00:00,AWS_MUM,19.08,72.88,11,27.09,1008.82,80.0,27.09,1008.82,80.0,0,none,none,,17.858667,76.0,ok
2025-03-17 14:00:00,AWS_MUM,19.08,72.88,11,28.62,1009.48,73.9,28.62,1009.48,73.9,0,none,none,,18.858667,76.0,ok
2025-03-17 15:00:00,AWS_MUM,19.08,72.88,11,30.06,1009.72,66.2,30.06,1009.72,66.2,0,none,none,,19.858667,76.0,ok
2025-03-17 16:00:00,AWS_MUM,19.08,72.88,11,55.0,1019.14,95.0,30.44,1010.14,65.3,0,none,none,"PS example: 55C, 95% RH, P +9 hPa",20.858667,76.0,impossible
2025-03-17 17:00:00,AWS_MUM,19.08,72.88,11,31.55,1010.57,61.6,31.55,1010.57,61.6,0,none,none,,21.858667,76.0,step
2025-03-17 18:00:00,AWS_MUM,19.08,72.88,11,32.37,1009.67,58.8,32.37,1009.67,58.8,0,none,none,,22.858667,76.0,ok
2025-03-17 19:00:00,AWS_MUM,19.08,72.88,11,33.3,1009.18,55.2,33.3,1009.18,55.2,0,none,none,,23.858667,76.0,ok
2025-03-17 20:00:00,AWS_MUM,19.08,72.88,11,34.2,1008.83,52.9,34.2,1008.83,52.9,0,none,none,,0.85866666,76.0,ok
2025-03-17 21:00:00,AWS_MUM,19.08,72.88,11,35.0,1008.67,51.6,35.0,1008.67,51.6,0,none,none,,1.8586667,76.0,ok
2025-03-17 22:00:00,AWS_MUM,19.08,72.88,11,35.28,1008.32,50.0,35.28,1008.32,50.0,0,none,none,,2.8586667,76.0,ok
2025-03-17 23:00:00,AWS_MUM,19.08,72.88,11,34.89,1008.41,50.4,34.89,1008.41,50.4,0,none,none,,3.8586667,76.0,ok
2025-03-18 00:00:00,AWS_MUM,19.08,72.88,11,34.41,1008.5,52.7,34.41,1008.5,52.7,0,none,none,,4.858667,77.0,ok
2025-03-18 01:00:00,AWS_MUM,19.08,72.88,11,33.16,1008.5,55.6,33.16,1008.5,55.6,0,none,none,,5.858667,77.0,ok
2025-03-18 02:00:00,AWS_MUM,19.08,72.88,11,31.86,1008.88,60.5,31.86,1008.88,60.5,0,none,none,,6.858667,77.0,ok
2025-03-18 03:00:00,AWS_MUM,19.08,72.88,11,31.13,1009.1,62.7,31.13,1009.1,62.7,0,none,none,,7.858667,77.0,ok
2025-03-18 04:00:00,AWS_MUM,19.08,72.88,11,29.08,1009.26,69.8,29.08,1009.26,69.8,0,none,none,,8.858666,77.0,ok
2025-03-18 05:00:00,AWS_MUM,19.08,72.88,11,27.8,1009.37,78.1,27.8,1009.37,78.1,0,none,none,,9.858666,77.0,ok
2025-03-18 06:00:00,AWS_MUM,19.08,72.88,11,26.86,1009.62,81.5,26.86,1009.62,81.5,0,none,none,,10.858666,77.0,ok
2025-03-18 07:00:00,AWS_MUM,19.08,72.88,11,24.92,1008.75,90.5,24.92,1008.75,90.5,0,none,none,,11.858666,77.0,ok
2025-03-18 08:00:00,AWS_MUM,19.08,72.88,11,24.96,1008.2,86.4,24.96,1008.2,86.4,0,none,none,,12.858666,77.0,ok
2025-03-18 09:00:00,AWS_MUM,19.08,72.88,11,24.89,1007.68,89.1,24.89,1007.68,89.1,0,none,none,,13.858666,77.0,ok
2025-03-18 10:00:00,AWS_MUM,19.08,72.88,11,25.47,1007.2,84.3,25.47,1007.2,84.3,0,none,none,,14.858666,77.0,ok
2025-03-18 11:00:00,AWS_MUM,19.08,72.88,11,26.1,1007.18,82.3,26.1,1007.18,82.3,0,none,none,,15.858666,77.0,ok
2025-03-18 12:00:00,AWS_MUM,19.08,72.88,11,27.02,1007.76,78.4,27.02,1007.76,78.4,0,none,none,T sensor frozen,16.858667,77.0,ok
2025-03-18 13:00:00,AWS_MUM,19.08,72.88,11,27.02,1008.1,75.5,27.45,1008.1,75.5,0,none,none,T sensor frozen,17.858667,77.0,ok
2025-03-18 14:00:00,AWS_MUM,19.08,72.88,11,27.02,1008.91,74.9,27.76,1008.91,74.9,0,none,none,T sensor frozen,18.858667,77.0,ok
2025-03-18 15:00:00,AWS_MUM,19.08,72.88,11,27.02,1009.58,68.1,29.3,1009.58,68.1,0,none,none,T sensor frozen,19.858667,77.0,ok
2025-03-18 16:00:00,AWS_MUM,19.08,72.88,11,27.02,1009.91,68.5,29.47,1009.91,68.5,0,none,none,T sensor frozen,20.858667,77.0,ok
2025-03-18 17:00:00,AWS_MUM,19.08,72.88,11,27.02,1010.56,62.8,30.96,1010.56,62.8,0,none,none,T sensor frozen,21.858667,77.0,ok
2025-03-18 18:00:00,AWS_MUM,19.08,72.88,11,27.02,1010.95,60.6,31.71,1010.95,60.6,0,none,none,T sensor frozen,22.858667,77.0,frozen
2025-03-18 19:00:00,AWS_MUM,19.08,72.88,11,27.02,1010.91,56.7,32.82,1010.91,56.7,0,none,none,T sensor frozen,23.858667,77.0,frozen
2025-03-18 20:00:00,AWS_MUM,19.08,72.88,11,27.02,1010.47,52.6,34.63,1010.47,52.6,0,none,none,T sensor frozen,0.85866666,77.0,frozen
2025-03-18 21:00:00,AWS_MUM,19.08,72.88,11,27.02,1009.43,52.5,34.75,1009.43,52.5,0,none,none,T sensor frozen,1.8586667,77.0,frozen
2025-03-18 22:00:00,AWS_MUM,19.08,72.88,11,27.02,1008.57,54.2,33.97,1008.57,54.2,0,none,none,T sensor frozen,2.8586667,77.0,frozen
2025-03-18 23:00:00,AWS_MUM,19.08,72.88,11,27.02,1007.94,57.2,33.28,1007.94,57.2,0,none,none,T sensor frozen,3.8586667,77.0,frozen
2025-03-19 00:00:00,AWS_MUM,19.08,72.88,11,27.02,1008.51,56.8,33.58,1008.51,56.8,0,none,none,T sensor frozen,4.858667,78.0,frozen
2025-03-19 01:00:00,AWS_MUM,19.08,72.88,11,27.02,1008.45,56.5,33.05,1008.45,56.5,0,none,none,T sensor frozen,5.858667,78.0,frozen
2025-03-19 02:00:00,AWS_MUM,19.08,72.88,11,31.74,1009.73,62.6,31.74,1009.73,62.6,0,none,none,,6.858667,78.0,ok
2025-03-19 03:00:00,AWS_MUM,19.08,72.88,11,31.16,1009.71,64.6,31.16,1009.71,64.6,0,none,none,,7.858667,78.0,ok
2025-03-19 04:00:00,AWS_MUM,19.08,72.88,11,29.73,1010.56,71.8,29.73,1010.56,71.8,0,none,none,,8.858666,78.0,ok
2025-03-19 05:00:00,AWS_MUM,19.08,72.88,11,29.53,1010.86,71.6,29.53,1010.86,71.6,0,none,none,,9.858666,78.0,ok
2025-03-19 06:00:00,AWS_MUM,19.08,72.88,11,27.93,1010.95,77.1,27.93,1010.95,77.1,0,none,none,,10.858666,78.0,ok
2025-03-19 07:00:00,AWS_MUM,19.08,72.88,11,26.66,1010.61,83.2,26.66,1010.61,83.2,0,none,none,,11.858666,78.0,ok
2025-03-19 08:00:00,AWS_MUM,19.08,72.88,11,26.4,1009.85,85.2,26.4,1009.85,85.2,0,none,none,,12.858666,78.0,ok
2025-03-19 09:00:00,AWS_MUM,19.08,72.88,11,25.51,1009.14,89.7,25.51,1009.14,89.7,0,none,none,,13.858666,78.0,ok
2025-03-19 10:00:00,AWS_MUM,19.08,72.88,11,25.94,1008.85,88.8,25.94,1008.85,88.8,0,none,none,,14.858666,78.0,ok
2025-03-19 11:00:00,AWS_MUM,19.08,72.88,11,26.12,1009.33,90.3,26.12,1009.33,90.3,0,none,none,,15.858666,78.0,ok
2025-03-19 12:00:00,AWS_MUM,19.08,72.88,11,26.57,1009.47,85.9,26.57,1009.47,85.9,0,none,none,,16.858667,78.0,ok
2025-03-19 13:00:00,AWS_MUM,19.08,72.88,11,26.7,1010.25,87.6,26.7,1010.25,87.6,0,none,none,,17.858667,78.0,ok
2025-03-19 14:00:00,AWS_MUM,19.08,72.88,11,27.45,1011.26,83.7,27.45,1011.26,83.7,0,none,none,,18.858667,78.0,ok
2025-03-19 15:00:00,AWS_MUM,19.08,72.88,11,28.8,1011.74,78.8,28.8,1011.74,78.8,0,none,none,,19.858667,78.0,ok
2025-03-19 16:00:00,AWS_MUM,19.08,72.88,11,29.19,1011.94,78.3,29.19,1011.94,78.3,0,none,none,,20.858667,78.0,ok
2025-03-19 17:00:00,AWS_MUM,19.08,72.88,11,30.38,1012.63,71.3,30.38,1012.63,71.3,0,none,none,,21.858667,78.0,ok
2025-03-19 18:00:00,AWS_MUM,19.08,72.88,11,31.59,1011.91,,31.59,1011.91,67.5,0,none,none,RH channel missing,22.858667,78.0,missing
2025-03-19 19:00:00,AWS_MUM,19.08,72.88,11,32.59,1011.44,63.6,32.59,1011.44,63.6,0,none,none,,23.858667,78.0,ok
2025-03-19 20:00:00,AWS_MUM,19.08,72.88,11,33.74,1011.1,59.5,33.74,1011.1,59.5,0,none,none,,0.85866666,78.0,ok
2025-03-19 21:00:00,AWS_MUM,19.08,72.88,11,35.28,1009.67,52.9,35.28,1009.67,52.9,0,none,none,,1.8586667,78.0,ok
2025-03-19 22:00:00,AWS_MUM,19.08,72.88,11,36.27,1009.17,50.8,36.27,1009.17,50.8,0,none,none,,2.8586667,78.0,ok
2025-03-19 23:00:00,AWS_MUM,19.08,72.88,11,36.39,1009.21,50.7,36.39,1009.21,50.7,0,none,none,,3.8586667,78.0,ok
2025-03-20 00:00:00,AWS_MUM,19.08,72.88,11,36.23,1009.27,51.9,36.23,1009.27,51.9,0,none,none,,4.858667,79.0,ok
2025-03-20 01:00:00,AWS_MUM,19.08,72.88,11,35.16,1010.26,54.0,35.16,1010.26,54.0,0,none,none,,5.858667,79.0,ok
2025-03-20 02:00:00,AWS_MUM,19.08,72.88,11,33.73,1010.2,56.4,33.73,1010.2,56.4,0,none,none,,6.858667,79.0,ok
2025-03-20 03:00:00,AWS_MUM,19.08,72.88,11,32.41,1010.36,61.1,32.41,1010.36,61.1,0,none,none,,7.858667,79.0,ok
2025-03-20 04:00:00,AWS_MUM,19.08,72.88,11,31.35,1018.78,64.9,31.35,1010.78,64.9,0,none,none,P spike +8 hPa,8.858666,79.0,step
2025-03-20 05:00:00,AWS_MUM,19.08,72.88,11,30.8,1011.03,67.1,30.8,1011.03,67.1,0,none,none,,9.858666,79.0,step
2025-03-20 06:00:00,AWS_MUM,19.08,72.88,11,29.04,1010.76,74.2,29.04,1010.76,74.2,0,none,none,,10.858666,79.0,ok
2025-03-20 07:00:00,AWS_MUM,19.08,72.88,11,26.72,1010.76,84.5,26.72,1010.76,84.5,0,none,none,,11.858666,79.0,ok
2025-03-20 08:00:00,AWS_MUM,19.08,72.88,11,24.89,1009.66,94.4,24.89,1009.66,94.4,0,none,none,,12.858666,79.0,ok
2025-03-20 09:00:00,AWS_MUM,19.08,72.88,11,24.48,1009.16,95.1,24.48,1009.16,95.1,0,none,none,,13.858666,79.0,ok
2025-03-20 10:00:00,AWS_MUM,19.08,72.88,11,24.39,1008.9,95.8,24.39,1008.9,95.8,0,none,none,,14.858666,79.0,ok
2025-03-20 11:00:00,AWS_MUM,19.08,72.88,11,24.28,1008.29,98.2,24.28,1008.29,98.2,0,none,none,,15.858666,79.0,ok
2025-03-20 12:00:00,AWS_MUM,19.08,72.88,11,25.66,1008.21,88.9,25.66,1008.21,88.9,0,none,none,,16.858667,79.0,ok
2025-03-20 13:00:00,AWS_MUM,19.08,72.88,11,26.14,1008.75,87.6,26.14,1008.75,87.6,0,none,none,,17.858667,79.0,ok
2025-03-20 14:00:00,AWS_MUM,19.08,72.88,11,26.86,1009.56,84.0,26.86,1009.56,84.0,0,none,none,,18.858667,79.0,ok
2025-03-20 15:00:00,AWS_MUM,19.08,72.88,11,27.79,1010.65,78.1,27.79,1010.65,78.1,0,none,none,,19.858667,79.0,ok
2025-03-20 16:00:00,AWS_MUM,19.08,72.88,11,29.11,1010.56,73.3,29.11,1010.56,73.3,0,none,none,,20.858667,79.0,ok
2025-03-20 17:00:00,AWS_MUM,19.08,72.88,11,29.16,1010.08,71.1,29.16,1010.08,71.1,0,none,none,,21.858667,79.0,ok
2025-03-20 18:00:00,AWS_MUM,19.08,72.88,11,30.76,1010.45,64.6,30.76,1010.45,64.6,0,none,none,,22.858667,79.0,ok
2025-03-20 19:00:00,AWS_MUM,19.08,72.88,11,32.01,1009.78,62.7,32.01,1009.78,62.7,0,none,none,,23.858667,79.0,ok
2025-03-20 20:00:00,AWS_MUM,19.08,72.88,11,32.84,1009.42,59.7,32.84,1009.42,59.7,0,none,none,,0.85866666,79.0,ok
2025-03-20 21:00:00,AWS_MUM,19.08,72.88,11,33.34,1008.68,57.0,33.34,1008.68,57.0,0,none,none,,1.8586667,79.0,ok
2025-03-20 22:00:00,AWS_MUM,19.08,72.88,11,32.64,1008.46,58.0,32.64,1008.46,58.0,0,none,none,,2.8586667,79.0,ok
2025-03-20 23:00:00,AWS_MUM,19.08,72.88,11,32.99,1008.47,57.3,32.99,1008.47,57.3,0,none,none,,3.8586667,79.0,ok
